"OriginalName","NewName","RenameDateUTC"
"A4Q000001.png","Q000001.png","2025-12-01T05:12:50.0350700Z"
"A4Q000002.png","Q000002.png","2025-12-01T05:12:50.0429853Z"
"A4Q000003.png","Q000003.png","2025-12-01T05:12:50.0443034Z"
"A4Q000004.png","Q000004.png","2025-12-01T05:12:50.0454901Z"
"A4Q000005.png","Q000005.png","2025-12-01T05:12:50.0466459Z"
"A4Q000006.png","Q000006.png","2025-12-01T05:12:50.0477906Z"
"A4Q000007.png","Q000007.png","2025-12-01T05:12:50.0489323Z"
"A4Q000008.png","Q000008.png","2025-12-01T05:12:50.0501212Z"
"A4Q000009.png","Q000009.png","2025-12-01T05:12:50.0512621Z"
"A4Q000010.png","Q000010.png","2025-12-01T05:12:50.0524188Z"
"A4Q000011.png","Q000011.png","2025-12-01T05:12:50.0535448Z"
"A4Q000012.png","Q000012.png","2025-12-01T05:12:50.0546786Z"
"A4Q000013.png","Q000013.png","2025-12-01T05:12:50.0558553Z"
"A4Q000014.png","Q000014.png","2025-12-01T05:12:50.0570552Z"
"A4Q000015.png","Q000015.png","2025-12-01T05:12:50.0582009Z"
"A4Q000016.png","Q000016.png","2025-12-01T05:12:50.0593218Z"
"A4Q000017.png","Q000017.png","2025-12-01T05:12:50.0605948Z"
"A4Q000018.png","Q000018.png","2025-12-01T05:12:50.0617410Z"
"A4Q000019.png","Q000019.png","2025-12-01T05:12:50.0628692Z"
"A4Q000020.png","Q000020.png","2025-12-01T05:12:50.0640720Z"
"A4Q000021.png","Q000021.png","2025-12-01T05:12:50.0737054Z"
"A4Q000022.mp4","Q000022.mp4","2025-12-01T05:12:50.0751131Z"
"A4Q000023.mp4","Q000023.mp4","2025-12-01T05:12:50.0763681Z"
"A4Q000024.mp4","Q000024.mp4","2025-12-01T05:12:50.0776301Z"
